,index,State ID,Total_Cases,Total_Death,Year,Disease ID,No. of Doctors
0,0,111,48602,9,2011,1,4370.0
1,4,111,0,0,2004,1,3058.8006300630104
2,12,111,25978,9,2003,1,3727.0
3,13,111,57088,7,2012,1,3060.17722800633
4,15,112,20667,200,2016,1,3157.0
5,16,112,145047,232,2013,1,3061.55444548068
6,17,112,0,0,1999,1,3062.93228276487
7,18,112,0,0,2004,1,3064.31074013786
8,19,112,555178,3,2009,1,3065.6898178786896
9,23,112,20456,81,2015,1,3476.0
10,24,112,355414,2877,2007,1,3067.06951626658
11,28,113,87486,0,2011,1,3068.44983558083
12,31,113,0,0,1999,1,3069.83077610089
13,32,113,0,0,2004,1,3071.2123381063398
14,34,113,0,0,2010,1,2549.0
15,36,113,1488744,53,2014,1,3072.59452187686
16,37,113,1223078,40,2015,1,3073.97732769229
17,40,113,0,0,2003,1,3075.3607558325602
18,41,113,1558212,10,2012,1,3355.0
19,43,114,171977,27,2016,1,3076.74480657776
20,44,114,100541,0,2013,1,3078.1294802080797
21,45,114,0,0,1999,1,3079.5147770038598
22,46,114,0,0,2004,1,3080.90069724553
23,47,114,266555,30,2009,1,3082.2872412136894
24,48,114,0,0,2010,1,3083.67440918903
25,50,114,109081,8,2014,1,3085.0622014523997
26,51,114,127479,36,2015,1,7997.0
27,52,114,239128,13,2007,1,3086.4506182847304
28,53,114,132276,25,2006,1,3087.83965996713
29,54,114,0,0,2003,1,3025.0
30,57,115,452269,19,2016,1,5737.0
31,61,115,144229,0,2009,1,3089.2293267808
32,66,115,76150,0,2007,1,3090.6196190070696
33,69,115,279103,39,2012,1,4772.0
34,70,116,33767,0,2003,1,3092.01053692742
35,72,116,84301,13,2016,1,3682.0
36,73,116,96346,0,2013,1,3093.40208082342
37,74,116,27849,0,2004,1,3094.7942509768104
38,75,116,80307,3,2009,1,3096.1870476694203
39,76,116,112471,0,2010,1,3097.58047118322
40,80,116,48573,1,2007,1,9218.0
41,81,116,25559,0,2006,1,3098.97452180031
42,84,117,57638,4,2016,1,50208.0
43,85,117,59590,0,2013,1,43604.0
44,86,117,0,0,1999,1,3100.36919980292
45,87,117,36352,0,2004,1,14697.0
46,88,117,34044,2,2009,1,30879.0
47,89,117,71344,8,2010,1,3101.7645054734003
48,91,117,67720,1,2014,1,33277.0
49,93,117,41198,0,2007,1,3103.1604390942302
50,94,117,32093,0,2006,1,6821.0
51,95,117,37165,1,2003,1,3104.55700094801
52,96,117,53843,1,2012,1,58556.0
53,97,118,604076,0,2011,1,28631.0
54,98,118,1841945,16,2016,1,19322.0
55,99,118,1041042,40,2013,1,103073.0
56,100,118,8,35,1999,1,3105.9541913174703
57,101,118,909407,21,2004,1,3107.35201048548
58,102,118,521084,2,2009,1,3108.75045873502
59,103,118,603281,0,2010,1,3110.1495363492104
60,104,118,558071,18,2008,1,31450.0
61,105,118,1249351,6,2014,1,19980.0
62,106,118,1578815,27,2015,1,3111.5492436113
63,107,118,609501,20,2007,1,64993.0
64,108,118,833339,17,2006,1,3112.94958080464
65,109,118,833960,24,2003,1,3114.35054821274
66,110,118,832190,8,2012,1,42415.0
67,111,119,1275035,48,2011,1,50208.0
68,112,119,1162451,35,2016,1,3115.7521461192305
69,115,119,1052028,98,2004,1,3117.15437480786
70,125,120,1484149,154,2011,1,2859.0
71,128,120,49,121,1999,1,4231.0
72,129,120,1732435,191,2004,1,3118.5572345624896
73,130,120,1480308,165,2009,1,3119.96072566716
74,131,120,1364166,188,2010,1,3121.3648484059804
75,132,120,1548102,133,2008,1,3122.76960306323
76,135,120,1466036,203,2007,1,3124.17498992329
77,137,120,1675856,183,2003,1,3125.5810092707
78,138,120,1484315,136,2012,1,3126.98766139008
79,141,121,236452,0,2013,1,3128.39494656622
80,144,121,136825,0,2009,1,3129.80286508403
81,151,121,316404,0,2003,1,3131.21141722853
82,154,122,0,0,2004,1,2778.0
83,157,123,2072421,99,2016,1,3897.0
84,158,123,1577354,256,2013,1,3132.62060328489
85,159,123,2422846,917,2004,1,3134.03042353839
86,160,123,2160932,197,2009,1,3135.4408782744604
87,161,123,1593903,200,2010,1,3136.8519677786303
88,164,123,2128318,16,2015,1,3138.26369233659
89,166,123,2544300,196,2006,1,3139.67605223413
90,167,123,2098274,712,2003,1,3141.0890477571897
91,170,124,5600975,14,2016,1,3142.50267919182
92,172,124,295,863,1999,1,4035.0
93,182,124,425565,0,2012,1,3721.0
94,185,125,43944,0,2013,1,3882.0
95,186,125,25,97,1999,1,3143.91694682422
96,187,125,655957,289,2004,1,3145.3318509407
97,188,125,865777,263,2009,1,3146.74739182771
98,189,125,17263,0,2010,1,3148.1635697718298
99,193,125,912459,186,2007,1,2992.0
100,194,125,478278,180,2006,1,3149.58038505976
101,198,126,1959700,20,2016,1,3150.99783797833
102,200,126,57,175,1999,1,66109.0
103,202,126,1067692,175,2009,1,19147.0
104,203,126,796617,88,2010,1,37368.0
105,204,126,875808,620,2008,1,3152.4159288145
106,205,126,1116552,1,2014,1,3224.0
107,206,126,1568270,18,2015,1,6748.0
108,207,126,753229,245,2007,1,2828.0
109,208,126,657432,192,2006,1,47231.0
110,209,126,442563,104,2003,1,5356.0
111,211,127,25441,55,2011,1,3245.0
112,212,127,46272,21,2016,1,87734.0
113,213,127,31468,36,2013,1,40007.0
114,214,127,3,12,1999,1,26669.0
115,215,127,9796,1,2004,1,138303.0
116,216,127,20938,6,2009,1,3153.83465785537
117,217,127,19172,15,2010,1,3155.2540253881602
118,218,127,21705,6,2008,1,3156.6740317002195
119,219,127,33470,24,2014,1,3158.0946770790197
120,220,127,37477,22,2015,1,39291.0
121,221,127,22646,13,2007,1,28797.0
122,223,127,15359,0,2003,1,86822.0
123,224,127,39479,51,2012,1,3159.51596181218
124,225,128,295146,5,2011,1,58168.0
125,226,128,430119,2,2016,1,3394.0
126,228,128,2,18,1999,1,2748.0
127,238,128,310278,4,2012,1,3615.0
128,241,129,33807,23,2013,1,3988.0
129,242,129,4,5,1999,1,3160.9378861874297
130,243,129,35710,35,2004,1,3162.3604504926398
131,244,129,41078,16,2009,1,3163.7836550158195
132,245,129,25665,18,2010,1,3165.20750004508
133,249,129,36016,28,2007,1,2959.0
134,250,129,41018,26,2006,1,3166.6319858686797
135,254,130,29996,0,2016,1,3168.0571127750104
136,256,130,0,0,1999,1,3169.4828810525896
137,259,130,64220,0,2010,1,3170.9092909900605
138,260,130,25231,0,2008,1,3172.3363428761895
139,264,130,23131,0,2006,1,3173.7640369999
140,265,130,8798,0,2003,1,3175.19237365021
141,266,130,36344,7,2012,1,3176.6213531163003
142,268,131,900460,15,2016,1,3521.0
143,270,131,43,105,1999,1,3178.0509756874603
144,271,131,161165,29,2004,1,3179.48124165312
145,272,131,535351,29,2009,1,3180.9121513028304
146,273,131,628586,0,2010,1,3182.34370492627
147,274,131,526781,21,2008,1,3183.77590281328
148,275,131,772188,2,2014,1,3185.20874525379
149,276,131,895610,26,2015,1,3186.6422325378803
150,278,131,601038,69,2006,1,3188.07636495577
151,279,131,503312,180,2003,1,4552.0
152,280,131,703476,87,2012,1,3189.51114279778
153,281,132,1089640,62,2011,1,3190.9465663544
154,285,132,1118633,112,2004,1,5415.0
155,289,132,3038583,108,2014,1,3192.3826359162103
156,292,132,1299772,126,2006,1,3193.81935177396
157,293,132,1032822,81,2003,1,3195.2567142185
158,294,132,2001465,208,2012,1,3196.69472354083
159,298,133,2,5,1999,1,3198.13338003208
160,300,133,84808,13,2009,1,4938.0
161,301,133,106815,9,2010,1,3199.57268398349
162,302,133,72428,9,2008,1,3201.0126356864503
163,303,133,83893,7,2014,1,3202.4532354324797
164,304,133,104346,36,2015,1,3203.89448351323
165,307,133,44965,4,2003,1,3205.33638022049
166,308,133,111771,7,2012,1,5064.0
167,309,134,2410214,22,2011,1,3206.77892584615
168,313,134,3237394,1202,2004,1,3208.22212068226
169,316,134,2518487,4,2008,1,3209.665965021
170,317,134,1925888,14,2014,1,3211.11045915468
171,322,134,2737294,21,2012,1,3212.5556033757202
172,325,135,158988,131,2013,1,3214.0013979767
173,326,135,18,40,1999,1,3215.44784325031
174,328,135,247348,58,2009,1,3216.8949394894
175,329,135,177411,188,2010,1,3218.34268698692
176,330,135,242800,43,2008,1,3219.79108603597
177,331,135,152982,51,2014,1,3221.24013692977
178,332,135,1137894,123,2015,1,3222.6898399617
179,336,135,159949,131,2012,1,5088.0
180,337,136,170115,7,2016,1,3224.14019542523
181,338,136,167058,4,2015,1,3225.59120361399
182,342,137,0,103,1999,1,3593.0
183,352,137,1552436,226,2012,1,3310.0
184,355,138,185034,113,2013,1,4260.0
185,356,138,0,191,1999,1,3227.0428648217303
186,357,138,1545960,988,2004,1,3228.4951793423497
187,358,138,1806349,709,2009,1,3229.94814746987
188,359,138,132998,92,2010,1,3231.40176949844
189,364,138,2020983,894,2006,1,3232.8560457223302
190,368,139,3537353,635,2016,1,3234.31097643598
191,371,139,1980448,451,2010,1,3235.7665619339195
192,374,139,3193209,554,2015,1,3237.22280251085
193,378,140,31293,3,2004,1,3238.6796984615803
194,381,141,58307,0,2013,1,2679.0
195,384,141,47600,5,2004,1,3841.0
196,385,141,49781,4,2009,1,3240.13725008105
197,386,141,2740082,719,2008,1,3241.5954576643394
198,387,141,26080,1,2008,1,3243.05432150667
199,388,141,48254,4,2015,1,3244.5138419033897
200,391,141,32405,13,2006,1,3245.97401914997
201,393,111,202,0,2016,2,3247.43485354203
202,394,111,400,0,2017,2,3248.89634537531
203,397,112,599,0,2016,2,3250.35849494568
204,399,112,24,0,2014,2,4498.0
205,403,113,519,0,2014,2,3251.82130254917
206,408,114,438,0,2015,2,3253.2847684819103
207,411,115,167,0,2014,2,4207.0
208,412,115,102,0,2015,2,3254.74889304018
209,414,116,456,1,2017,2,3433.0
210,415,116,11,0,2014,2,3256.2136765204
211,416,116,84,0,2015,2,3257.6791192191
212,417,117,177,0,2016,2,3259.14522143297
213,418,117,522,2,2017,2,3260.6119834588203
214,422,118,3103,0,2017,2,4182.0
215,423,118,1529,0,2014,2,3262.0794055935903
216,427,119,235,0,2014,2,3263.5474881343603
217,430,120,2314,1,2017,2,3265.0162313783503
218,431,120,879,0,2014,2,3266.48563562289
219,433,121,143,0,2016,2,2549.0
220,435,121,920,0,2014,2,3267.95570116548
221,436,121,50,0,2015,2,3269.4264283037105
222,439,123,562,1,2014,2,3270.89781733535
223,440,123,1234,0,2015,2,3355.0
224,442,124,30941,7,2017,2,3272.36986855828
225,443,124,14667,1,2014,2,3273.8425822705
226,444,124,17798,0,2015,2,3275.31595877017
227,445,125,192,0,2016,2,3276.78999835558
228,446,125,140,0,2017,2,3278.26470132513
229,447,125,86,0,2014,2,3279.7400679774
230,449,126,6096,10,2016,2,3281.21609861105
231,450,126,7074,4,2017,2,7997.0
232,451,126,4190,0,2014,2,3282.6927935249105
233,452,126,7081,1,2015,2,3284.17015301795
234,453,127,904,0,2016,2,3025.0
235,456,127,585,0,2015,2,3285.6481773892497
236,459,128,138,0,2014,2,3287.12686693802
237,460,128,408,2,2015,2,3288.60622196365
238,465,130,150,0,2016,2,3290.08624276561
239,468,130,58,0,2015,2,3291.56692964355
240,469,131,194,0,2016,2,3293.04828289721
241,471,131,199,5,2014,2,3294.53030282651
242,472,131,198,0,2015,2,3296.0129897314696
243,473,132,1734,0,2016,2,3297.49634391227
244,474,132,2104,0,2017,2,3298.9803656691997
245,475,132,661,0,2014,2,3300.4650553027195
246,479,133,354,0,2014,2,5088.0
247,480,133,448,0,2015,2,3301.95041311338
248,481,134,1505,0,2016,2,3303.4364394019203
249,485,135,109,0,2016,2,5737.0
250,489,136,256,1,2016,2,3304.9231344691498
251,494,137,768,0,2014,2,3306.4104986160805
252,497,138,767,0,2017,2,4772.0
253,498,138,210,0,2014,2,3307.8985321438104
254,500,139,5564,35,2016,2,3682.0
255,501,139,6669,53,2017,2,3309.3872353535903
256,502,139,1316,29,2014,2,3310.87660854682
257,503,139,3297,40,2015,2,3312.3666520250204
258,504,141,259,0,2016,2,3313.8573660898305
259,508,111,32,0,2011,3,9218.0
260,509,111,0,0,2016,3,3315.34875104307
261,510,111,45,0,2013,3,3316.8408071866497
262,514,111,0,0,2009,3,5415.0
263,518,111,0,0,2014,3,3318.33353482265
264,521,111,205,0,2003,3,3319.82693425326
265,522,112,894,0,2011,3,3321.32100578083
266,523,112,0,0,2016,3,3322.81574970782
267,527,112,0,0,2004,3,3324.3111663368604
268,529,112,149,0,2010,3,4938.0
269,530,112,0,0,2008,3,3325.80725597067
270,531,112,3162,0,2017,3,3327.3040189121502
271,532,112,547,17,2014,3,3328.80145546432
272,533,112,192,0,2015,3,3330.2995659303197
273,536,113,308,0,2011,3,3331.79835061346
274,537,113,48,6,2016,3,5064.0
275,538,113,167,12,2013,3,3333.29780981716
276,542,113,0,0,2009,3,3334.7979438449797
277,545,113,39,4,2017,3,3336.2987530006203
278,546,113,178,6,2014,3,3337.8002375879305
279,550,114,4,0,2011,3,3339.3023979108802
280,551,114,29,6,2016,3,3340.8052342735805
281,552,114,4,1,2013,3,3342.30874698027
282,555,114,0,0,2004,3,3521.0
283,557,114,0,0,2010,3,3343.8129363353496
284,558,114,197,0,2008,3,3345.31780264333
285,559,114,20,6,2017,3,3346.8233462088697
286,560,114,15,2,2014,3,3348.3295673367797
287,561,114,23,1,2015,3,3349.83646633198
288,562,114,233,0,2007,3,3351.34404349955
289,563,114,0,0,2003,3,3352.85229914469
290,565,115,18,0,2016,3,3354.36123357274
291,566,115,71,0,2013,3,4552.0
292,567,115,0,0,2001,3,3355.8708470891997
293,568,115,0,0,2005,3,3357.38113999969
294,572,115,0,0,2008,3,4498.0
295,576,115,0,0,2007,3,3358.89211260995
296,581,116,0,0,2016,3,3360.4037652258803
297,585,116,6,0,2009,3,4207.0
298,586,116,0,0,2010,3,3361.91609815353
299,588,116,0,0,2017,3,3433.0
300,589,116,0,0,2014,3,3363.4291116990503
301,590,116,2,0,2015,3,3364.9428061687604
302,591,116,1,0,2007,3,3366.45718186911
303,592,117,0,0,2011,3,3367.97223910667
304,596,117,0,0,2005,3,4182.0
305,597,117,0,0,2004,3,3369.48797818818
306,601,117,0,0,2017,3,3371.0043994204902
307,604,117,0,0,2007,3,3372.5215031106
308,605,117,0,0,2003,3,3374.0392895656396
309,607,118,19,1,2016,3,2549.0
310,609,118,136,8,2001,3,3375.5577590928997
311,610,118,78,7,2005,3,3377.0769119997804
312,614,118,58,1,2008,3,3378.59674859384
313,615,118,30,0,2017,3,3355.0
314,617,118,12,0,2015,3,3380.1172691827696
315,618,118,168,11,2007,3,3381.6384740743897
316,619,118,90,16,2003,3,3383.16036357667
317,620,119,1,0,2011,3,3384.68293799772
318,621,119,47,0,2016,3,3386.20619764579
319,622,119,104,0,2013,3,3387.73014282925
320,624,119,17,0,2005,3,3389.25477385662
321,625,119,0,0,2004,3,7997.0
322,626,119,34,0,2009,3,3390.78009103657
323,627,119,392,0,2010,3,3392.30609467791
324,629,119,9,0,2017,3,3025.0
325,631,119,890,0,2015,3,3393.8327850895503
326,632,119,10,0,2007,3,3395.3601625805895
327,633,119,17,1,2003,3,3396.8882274602397
328,634,120,0,0,2011,3,3398.41698003786
329,635,120,0,0,2016,3,3399.9464206229304
330,636,120,0,0,2013,3,3401.4765495251
331,637,120,0,0,2001,3,3403.00736705414
332,638,120,0,0,2005,3,3404.5388735199604
333,639,120,0,0,2004,3,3406.0710692326197
334,640,120,0,0,2009,3,3407.6039545023
335,641,120,0,0,2010,3,3409.1375296393394
336,642,120,0,0,2008,3,3410.6717949542103
337,643,120,0,0,2017,3,3412.2067507575202
338,644,120,0,0,2014,3,3413.7423973600203
339,645,120,0,0,2015,3,3415.2787350726003
340,646,120,0,0,2007,3,3416.8157642063
341,647,120,0,0,2003,3,3418.3534850722804
342,648,121,0,0,2011,3,3419.89189798185
343,649,121,0,0,2016,3,3421.4310032464696
344,650,121,0,0,2013,3,3422.9708011777197
345,651,121,12,0,2001,3,3424.5112920873403
346,652,121,0,0,2005,3,3426.0524762871996
347,653,121,0,0,2004,3,3427.5943540893104
348,654,121,0,0,2009,3,3429.13692580582
349,655,121,0,0,2010,3,3430.68019174903
350,656,121,0,0,2008,3,3432.2241522313698
351,657,121,0,0,2017,3,3433.7688075653996
352,658,121,0,0,2014,3,3435.31415806386
353,659,121,0,0,2015,3,3436.86020403958
354,660,121,0,0,2007,3,3438.4069458055797
355,662,122,0,0,2001,3,3439.95438367498
356,665,122,0,0,2003,3,3441.50251796106
357,666,123,8,1,2011,3,3443.05134897724
358,671,123,98,0,2004,3,3444.60087703709
359,675,123,168,2,2017,3,3446.1511024543
360,676,123,56,4,2014,3,3447.70202554271
361,678,123,2,0,2007,3,3449.2536466163106
362,679,123,64,2,2003,3,3450.8059659892306
363,680,124,5,0,2011,3,3452.35898397572
364,681,124,139,1,2016,3,3453.9127008902
365,682,124,234,0,2013,3,3455.4671170472197
366,686,124,4,0,2009,3,5088.0
367,687,124,35,0,2010,3,3457.02223276146
368,688,124,17,4,2008,3,3458.57804834776
369,692,124,3,1,2007,3,4370.0
370,696,125,0,0,2013,3,3460.1345641210996
371,705,125,0,0,2015,3,3727.0
372,706,125,0,0,2007,3,3461.6917803965803
373,708,126,112,1,2011,3,3157.0
374,709,126,41,4,2016,3,3463.2496974894702
375,710,126,498,0,2013,3,3464.80831571516
376,711,126,127,4,2001,3,3466.3676353891997
377,712,126,130,16,2005,3,3467.92765682727
378,716,126,376,0,2008,3,3476.0
379,717,126,57,1,2017,3,3469.48838034519
380,720,126,253,0,2007,3,59264.0
381,721,126,102,11,2003,3,66109.0
382,723,127,0,0,2016,3,19147.0
383,724,127,0,0,2013,3,37368.0
384,725,127,0,0,2001,3,3471.04980625894
385,726,127,0,0,2005,3,3224.0
386,727,127,0,0,2004,3,6748.0
387,728,127,0,0,2009,3,2828.0
388,729,127,0,0,2010,3,47231.0
389,730,127,0,0,2008,3,5356.0
390,732,127,0,0,2014,3,11360.0
391,733,127,0,0,2015,3,3245.0
392,734,127,0,0,2007,3,87734.0
393,735,127,0,0,2003,3,40007.0
394,736,128,0,0,2011,3,26669.0
395,737,128,2,0,2016,3,138303.0
396,738,128,0,0,2013,3,3472.6119348846196
397,739,128,0,0,2001,3,3474.17476653848
398,740,128,1,0,2005,3,3475.73830153692
399,741,128,0,0,2004,3,3477.30254019648
400,742,128,0,0,2009,3,39291.0
401,743,128,21,0,2010,3,28797.0
402,745,128,5,3,2017,3,86822.0
403,746,128,2,0,2014,3,3478.86748283383
404,747,128,1,0,2015,3,58168.0
405,748,128,0,0,2007,3,3394.0
406,750,129,0,0,2011,3,5737.0
407,754,129,6,0,2005,3,3480.4331297658
408,759,129,0,0,2017,3,3481.99948130935
409,763,129,1,0,2003,3,4772.0
410,764,130,0,0,2011,3,3483.56653778159
411,766,130,0,0,2013,3,3682.0
412,767,130,158,0,2001,3,3485.1342994997603
413,768,130,229,0,2005,3,3486.7027667812604
414,769,130,39,0,2004,3,3488.2719399436305
415,770,130,597,0,2009,3,3489.84181930454
416,774,130,12,0,2014,3,9218.0
417,775,130,0,0,2015,3,3491.41240518182
418,779,131,1,0,2016,3,5415.0
419,783,131,0,0,2004,3,3492.98369789342
420,786,131,1,1,2008,3,3494.55569775746
421,787,131,1,0,2017,3,3496.1284050921804
422,788,131,3,0,2014,3,3497.70182021599
423,793,132,401,8,2016,3,3499.27594344741
424,795,132,224,10,2001,3,4938.0
425,796,132,358,21,2005,3,3500.8507751051197
426,797,132,436,33,2004,3,3502.42631550796
427,798,132,350,0,2009,3,3504.00256497489
428,799,132,16,0,2010,3,3505.5795238250103
429,802,132,94,0,2014,3,3507.1571923775896
430,803,132,445,2,2015,3,5064.0
431,804,132,200,13,2007,3,3508.7355709520098
432,805,132,226,7,2003,3,3510.3146598678304
433,808,133,0,0,2013,3,3511.8944594447303
434,809,133,0,0,2001,3,3513.4749700025395
435,810,133,0,0,2005,3,3515.05619186122
436,811,133,0,0,2004,3,3516.63812534091
437,812,133,0,0,2009,3,3518.2207707618604
438,813,133,0,0,2010,3,3519.8041284444703
439,814,133,0,0,2008,3,3521.3881987092896
440,815,133,0,0,2017,3,3522.9729818770293
441,816,133,0,0,2014,3,3524.55847826851
442,817,133,0,0,2015,3,3526.1446882047294
443,818,133,0,0,2007,3,3527.7316120068
444,819,133,0,0,2003,3,3529.3192499959996
445,820,134,0,0,2011,3,3530.90760249375
446,821,134,0,0,2016,3,3532.49666982161
447,822,134,0,0,2013,3,3534.08645230127
448,823,134,0,0,2001,3,3535.6769502546003
449,824,134,19,0,2005,3,3537.2681640035903
450,825,134,0,0,2004,3,3538.86009387038
451,826,134,5,0,2009,3,3540.45274017725
452,827,134,64,0,2010,3,3542.04610324664
453,828,134,0,0,2008,3,3543.640183401121
454,829,134,0,0,2017,3,3545.2349809634
455,830,134,0,0,2014,3,3546.83049625637
456,831,134,0,0,2015,3,3548.42672960302
457,832,134,0,0,2007,3,3550.02368132651
458,833,134,0,0,2003,3,3551.62135175015
459,834,135,0,0,2011,3,3553.21974119738
460,835,135,486,0,2016,3,3554.8188499918
461,836,135,30,0,2013,3,3556.41867845714
462,837,135,0,0,2001,3,3558.01922691729
463,839,135,0,0,2004,3,3559.6204956962897
464,842,135,0,0,2008,3,3561.2224851182896
465,843,135,17,0,2017,3,3562.8251955076294
466,845,135,0,0,2015,3,2549.0
467,847,135,4,0,2003,3,3564.42862718878
468,848,136,92,0,2016,3,3566.0327804863396
469,851,137,6,0,2011,3,3567.6376557250896
470,852,137,5,0,2016,3,3355.0
471,854,137,0,0,2001,3,3569.2432532299104
472,855,137,215,0,2005,3,3570.8495733258796
473,856,137,0,0,2004,3,3572.45661633817
474,857,137,0,0,2009,3,3574.06438259215
475,858,137,104,0,2010,3,3575.6728724133
476,859,137,44,0,2008,3,3577.2820861272603
477,861,137,13,0,2014,3,3578.89202405981
478,862,137,89,0,2015,3,7997.0
479,863,137,1,0,2007,3,3580.50268653688
480,864,137,0,0,2003,3,3582.1140738845597
481,865,138,172,0,2011,3,3025.0
482,868,138,825,41,2001,3,3583.72618642906
483,871,138,349,19,2009,3,3585.3390244967604
484,872,138,4,0,2010,3,3586.95258841418
485,876,138,33,0,2015,3,3588.5668785079706
486,877,138,673,33,2007,3,3590.1818951049604
487,878,138,342,42,2003,3,3591.7976385321003
488,880,139,761,8,2016,3,3521.0
489,882,139,42,0,2009,3,3593.4141091165
490,883,139,559,8,2010,3,3595.0313071854102
491,884,139,41,0,2008,3,3596.64923306623
492,885,139,564,6,2017,3,3598.26788708651
493,886,139,339,10,2014,3,3599.88726957395
494,887,139,455,4,2015,3,3601.50738085639
495,888,139,383,1,2007,3,3603.1282212618103
496,890,140,4,0,2005,3,3604.7497911183705
497,891,140,0,0,2004,3,4552.0
498,892,140,14,1,2003,3,3606.3720907543297
499,893,141,0,0,2016,3,3607.99512049815
500,897,141,0,0,2005,3,5415.0
501,901,141,0,0,2008,3,3609.61888067839
502,904,141,1771,10,2007,3,3611.2433716237897
503,905,141,0,0,2007,3,3612.86859366322
504,906,141,0,0,2003,3,3614.49454712572
505,910,111,8,0,2013,4,3616.1212323404498
506,912,112,1665,0,2012,4,4938.0
507,913,112,0,0,2016,4,3617.7486496367296
508,914,112,0,0,2015,4,3619.37679934404
509,915,112,0,0,2013,4,3621.00568179199
510,916,112,0,0,2014,4,3622.63529731034
511,919,113,493,0,2015,4,3624.2656462290297
512,920,113,1046,0,2013,4,5064.0
513,921,113,556,0,2014,4,3625.8967288780896
514,925,114,393,0,2013,4,3627.52854558776
515,928,115,450,0,2016,4,3629.1610966883795
516,929,115,680,0,2015,4,3630.79438251048
517,934,116,739,0,2015,4,3632.42840338469
518,937,117,8,0,2012,4,3634.06315964184
519,938,117,0,0,2016,4,3635.6986516128795
520,940,117,0,0,2013,4,3637.33487962891
521,941,117,2,0,2014,4,3638.97184402118
522,942,118,946,0,2012,4,3640.6095451211
523,943,118,1261,0,2016,4,3642.24798326021
524,944,118,834,0,2015,4,3643.8871587702297
525,948,119,1330,0,2016,4,5088.0
526,949,119,3005,0,2015,4,3645.527071983
527,950,119,895,0,2013,4,3647.16772323052
528,955,120,2234,0,2013,4,3648.8091128449296
529,958,121,401,0,2016,4,3650.45124115854
530,962,123,6412,0,2012,4,3652.0941085038003
531,965,123,3956,0,2013,4,2679.0
532,968,124,3,0,2016,4,3841.0
533,969,124,6,0,2015,4,3653.7377152133004
534,970,124,28,0,2013,4,3655.38206161979
535,971,124,142,0,2014,4,3657.02714805616
536,972,125,0,0,2012,4,3658.6729748554603
537,975,125,0,0,2013,4,3660.3195423509
538,977,126,871,0,2012,4,3661.96685087581
539,978,126,373,0,2016,4,3663.6149007636895
540,981,126,897,0,2014,4,3665.2636923481896
541,984,127,0,0,2015,4,3666.9132259631106
542,985,127,70,0,2013,4,3668.5635019423903
543,989,128,85,0,2015,4,3670.2145206201294
544,990,128,55,0,2013,4,3671.86628233058
545,991,128,313,0,2014,4,3673.51878740814
546,993,129,34,0,2016,4,3521.0
547,995,129,14,0,2013,4,3675.17203618735
548,996,129,26,0,2014,4,3676.8260290029207
549,997,130,12,0,2012,4,3678.48076618969
550,998,130,1,0,2016,4,3680.13624808266
551,999,130,4,0,2015,4,3681.7924750169896
552,1000,130,27,0,2013,4,3683.4494473279797
553,1001,130,80,0,2014,4,3685.10716535108
554,1003,131,0,0,2016,4,3686.7656294219
555,1004,131,59,0,2015,4,4552.0
556,1005,131,1,0,2013,4,3688.4248398761797
557,1006,131,50,0,2014,4,3690.0847970498403
558,1010,132,4494,0,2013,4,4498.0
559,1014,133,11,0,2015,4,3691.7455012789396
560,1019,134,424,0,2015,4,3693.4069528996797
561,1022,135,47,0,2012,4,4207.0
562,1023,135,16402,0,2016,4,3695.0691522484203
563,1025,135,11530,0,2013,4,3433.0
564,1026,135,9,0,2014,4,3696.7320996616704
565,1027,136,24,0,2016,4,3698.3957954761
566,1028,136,27,0,2015,4,3700.0602400285206
567,1029,136,4,0,2013,4,3701.72543365589
568,1033,137,3423,0,2013,4,4182.0
569,1034,137,2965,0,2014,4,3703.39137669534
570,1038,138,35,0,2013,4,4035.0
571,1048,141,19,0,2014,4,3721.0
572,1051,111,0,0,2016,5,3882.0
573,1052,111,0,0,2018,5,3705.0580694841296
574,1053,111,0,0,2015,5,3706.72551235969
575,1054,111,0,0,2011,5,3708.3937056595796
576,1055,111,0,0,2010,5,3710.0626497215294
577,1059,112,199,5,2017,5,2992.0
578,1060,112,0,0,2012,5,3711.7323448834295
579,1064,112,0,0,2011,5,3713.4027914832795
580,1066,112,0,0,2013,5,3715.0739898592897
581,1069,113,26,0,2017,5,3716.7459403497705
582,1070,113,0,0,2012,5,3718.41864329323
583,1072,113,1,0,2018,5,2549.0
584,1074,113,1,0,2011,5,3720.0920990282793
585,1075,113,0,0,2010,5,3721.76630789373
586,1078,113,35,0,2019,5,3723.4412702285204
587,1079,114,63,6,2017,5,3355.0
588,1081,114,6,0,2016,5,3725.1169863717296
589,1082,114,4,2,2018,5,3726.7934566626295
590,1083,114,23,7,2015,5,3728.4706814406104
591,1084,114,0,0,2011,5,3730.14866104521
592,1085,114,75,0,2010,5,3731.8273958161603
593,1086,114,37,5,2013,5,3733.5068860933097
594,1088,114,47,2,2019,5,3735.1871322166603
595,1089,115,305,64,2017,5,7997.0
596,1090,115,10,3,2012,5,3736.86813452639
597,1091,115,6,4,2016,5,3738.54989336281
598,1092,115,12,4,2018,5,3025.0
599,1095,115,50,12,2010,5,3740.2324090663897
600,1098,115,63,15,2019,5,3741.91568197776
601,1099,116,15,4,2017,5,3743.5997124377004
602,1104,116,0,0,2011,5,3745.2845007871297
603,1107,116,0,0,2014,5,3746.97004736715
604,1108,116,2,0,2019,5,3748.6563525189795
605,1110,117,9,0,2012,5,3750.3434165840204
606,1111,117,6,0,2016,5,3752.0312399038103
607,1112,117,55,4,2018,5,3753.7198228200605
608,1113,117,193,19,2015,5,3755.40916567461
609,1114,117,7,0,2011,5,3757.09926880948
610,1118,117,31,1,2019,5,5088.0
611,1119,118,7709,431,2017,5,3758.79013256682
612,1120,118,101,30,2012,5,3760.48175728895
613,1124,118,7,4,2011,5,4370.0
614,1128,118,3408,107,2019,5,3762.1741433183292
615,1136,119,450,41,2013,5,3727.0
616,1137,119,5,0,2014,5,3763.86729099759
617,1139,120,77,15,2017,5,3157.0
618,1140,120,2,2,2012,5,3765.56120066951
619,1141,120,14,5,2016,5,3767.25587267701
620,1142,120,7,2,2018,5,3768.95130736318
621,1143,120,123,27,2015,5,3770.64750507127
622,1147,120,0,0,2014,5,3476.0
623,1148,120,273,32,2019,5,3772.34446614466
624,1151,121,2,0,2016,5,59264.0
625,1152,121,77,14,2018,5,66109.0
626,1154,121,13,1,2011,5,19147.0
627,1155,121,20,2,2010,5,37368.0
628,1156,121,76,2,2013,5,3774.0421909269
629,1157,121,0,0,2014,5,3224.0
630,1158,121,316,25,2019,5,6748.0
631,1159,122,35,2,2017,5,2828.0
632,1160,122,0,0,2012,5,47231.0
633,1161,122,1,1,2016,5,5356.0
634,1163,122,16,6,2015,5,3245.0
635,1164,122,0,0,2011,5,87734.0
636,1165,122,1,0,2010,5,40007.0
637,1166,122,0,0,2013,5,26669.0
638,1167,122,0,0,2014,5,138303.0
639,1168,122,41,1,2019,5,3775.7406797617
640,1169,123,3260,15,2017,5,3777.4399329929206
641,1170,123,878,48,2012,5,3779.13995096456
642,1171,123,110,0,2016,5,3780.8407340208
643,1172,123,1733,72,2018,5,39291.0
644,1173,123,3565,94,2015,5,28797.0
645,1175,123,2575,116,2010,5,86822.0
646,1176,123,122,19,2013,5,3782.54228250596
647,1177,123,303,33,2014,5,58168.0
648,1178,123,679,14,2019,5,3394.0
649,1180,124,623,14,2012,5,5737.0
650,1184,124,210,10,2011,5,3784.24459676451
651,1189,125,0,0,2017,5,3785.94767714109
652,1192,125,0,0,2018,5,4772.0
653,1193,125,0,0,2015,5,3787.6515239804903
654,1195,125,0,0,2010,5,3682.0
655,1196,125,0,0,2013,5,3789.3561376276502
656,1197,125,0,0,2014,5,3791.06151842766
657,1198,125,0,0,2019,5,3792.7676667257792
658,1199,126,6144,778,2017,5,3794.47458286742
659,1203,126,8583,905,2015,5,9218.0
660,1204,126,26,5,2011,5,3796.18226719815
661,1208,126,547,27,2019,5,5415.0
662,1212,127,0,0,2018,5,3797.89072006367
663,1215,127,1,0,2010,5,3799.59994180988
664,1216,127,0,0,2013,5,3801.30993278279
665,1217,127,0,0,2014,5,3803.02069332859
666,1221,128,0,0,2016,5,3804.73222379364
667,1223,128,1,0,2015,5,4938.0
668,1224,128,0,0,2011,5,3806.44452452442
669,1225,128,0,0,2010,5,3808.15759586759
670,1226,128,0,0,2013,5,3809.87143816996
671,1227,128,0,0,2014,5,3811.5860517785
672,1230,129,0,0,2012,5,3813.3014370403203
673,1231,129,0,0,2016,5,5064.0
674,1232,129,0,0,2018,5,3815.01759430272
675,1237,129,0,0,2014,5,3816.7345239131105
676,1246,130,0,0,2013,5,2821.0
677,1249,131,168,9,2017,5,3915.0
678,1250,131,63,2,2012,5,3818.45222621911
679,1251,131,1,0,2016,5,3820.17070156844
680,1252,131,319,10,2018,5,3821.8899503090206
681,1253,131,57,4,2015,5,3823.60997278891
682,1256,131,0,0,2013,5,3825.33076935632
683,1258,131,6,0,2019,5,3827.0523403596294
684,1262,132,2375,221,2018,5,3828.7746861473706
685,1264,132,36,11,2011,5,3593.0
686,1274,133,0,0,2011,5,3310.0
687,1277,133,0,0,2014,5,4260.0
688,1278,133,0,0,2019,5,3830.49780706823
689,1279,134,3315,17,2017,5,3832.2217034710498
690,1280,134,750,40,2012,5,3833.9463757048297
691,1281,134,122,2,2016,5,3835.6718241187396
692,1286,134,37,6,2013,5,3837.3980490620897
693,1290,135,0,0,2012,5,3839.12505088435
694,1292,135,1007,28,2018,5,2748.0
695,1302,136,0,0,2015,5,3615.0
696,1305,137,184,22,2017,5,3988.0
697,1306,137,0,0,2012,5,3840.85282993515
698,1307,137,20,5,2016,5,3842.5813865642895
699,1308,137,9,2,2018,5,3844.3107211216998
700,1309,137,105,15,2015,5,3846.0408339574897
701,1313,137,2,0,2014,5,2959.0
702,1314,137,126,5,2019,5,3847.7717254219106
703,1318,138,21,0,2018,5,3849.5033958654
704,1321,138,25,7,2010,5,3851.23584563851
705,1328,139,65,8,2018,5,3852.969075092
706,1331,139,121,4,2010,5,2778.0
707,1334,139,1227,15,2019,5,3897.0
708,1335,141,476,14,2017,5,3854.70308457674
709,1336,141,326,34,2012,5,3856.43787444378
710,1337,141,12,5,2016,5,3858.1734450443396
711,1338,141,1786,265,2016,5,3859.90979672978
712,1341,141,2,0,2010,5,3861.6469298516204
713,1343,141,10,5,2014,5,3863.38484476155
714,1344,141,155,8,2019,5,3865.1235418113897
715,1347,111,33393,20,2010,6,3866.8630213531605
716,1349,111,24699,2,2012,6,4370.0
717,1353,112,29146,27,2008,6,3868.60328373901
718,1361,113,83939,86,2008,6,3727.0
719,1362,113,91413,63,2009,6,3870.34432932125
720,1364,113,47397,45,2011,6,3157.0
721,1365,113,29999,13,2012,6,3872.0861584523605
722,1366,113,19542,7,2013,6,3873.8287714849703
723,1367,113,14540,11,2014,6,3875.5721687718606
724,1368,113,15555,0,2015,6,3877.316350666
725,1372,114,2643,0,2011,6,3476.0
726,1373,114,2605,0,2012,6,3879.06131752048
727,1377,115,347,0,2008,6,3880.8070696885798
728,1380,115,582,0,2011,6,3882.55360752373
729,1381,115,201,0,2012,6,3884.3009313795
730,1383,115,114,0,2014,6,2549.0
731,1385,116,123495,4,2008,6,3886.04904160964
732,1386,116,129397,11,2009,6,3887.79793856806
733,1389,116,124006,90,2012,6,3889.5476226088203
734,1390,116,110145,43,2013,6,3355.0
735,1392,116,133780,8,2015,6,3891.2980940861403
736,1393,117,253,0,2008,6,3893.0493533544104
737,1394,117,169,0,2009,6,3894.8014007681604
738,1395,117,251,0,2010,6,3896.5542366821
739,1396,117,413,0,2011,6,3898.3078614510796
740,1397,117,382,0,2012,6,3900.0622754301294
741,1399,117,98,0,2014,6,3901.81747897443
742,1400,117,54,0,2015,6,7997.0
743,1401,118,9822,21,2008,6,3903.57347243932
744,1402,118,5056,10,2009,6,3905.33025618029
745,1403,118,2368,1,2010,6,3025.0
746,1406,118,1530,0,2013,6,5737.0
747,1410,119,45902,34,2009,6,3907.0878305530105
748,1415,119,41608,16,2014,6,3908.8461959132896
749,1418,120,30168,0,2009,6,4772.0
750,1419,120,18921,0,2010,6,3910.6053526171204
751,1421,120,26819,1,2012,6,3682.0
752,1422,120,14471,3,2013,6,3912.3653010206394
753,1423,120,4485,1,2014,6,3914.12604148015
754,1424,120,2843,0,2015,6,3915.8875743521003
755,1425,121,146,0,2008,6,3917.64989999312
756,1429,121,216,0,2012,6,9218.0
757,1430,121,141,0,2013,6,3919.41301876
758,1433,122,217,1,2008,6,3921.17693100966
759,1434,122,346,0,2009,6,3922.9416370992208
760,1435,122,802,0,2010,6,3924.70713738595
761,1436,122,1091,0,2011,6,3926.47343222726
762,1437,122,864,0,2012,6,3928.24052198073
763,1438,122,698,0,2013,6,3930.00840700413
764,1439,122,291,0,2014,6,3931.7770876553495
765,1440,122,216,0,2015,6,3933.54656429245
766,1441,123,214299,25,2008,6,3935.31683727368
767,1442,123,230683,28,2009,6,3937.08790695742
768,1443,123,199842,16,2010,6,3938.8597737022296
769,1444,123,160653,17,2011,6,3940.6324378668105
770,1445,123,131476,10,2012,6,3942.40589981005
771,1446,123,97786,8,2013,6,3944.1801598909706
772,1447,123,103735,8,2014,6,3945.95521846878
773,1448,123,90251,4,2015,6,3947.7310759028296
774,1449,124,47344,8,2008,6,3949.50773255265
775,1450,124,36859,0,2009,6,3951.2851887779207
776,1451,124,44319,11,2010,6,3953.06344493849
777,1452,124,24237,0,2011,6,3954.84250139436
778,1453,124,16466,0,2012,6,3956.6223585057
779,1454,124,13302,0,2013,6,3958.40301663284
780,1455,124,14794,2,2014,6,3960.18447613627
781,1456,124,11341,0,2015,6,3961.96673737666
782,1457,125,1804,4,2008,6,3963.74980071481
783,1458,125,2046,5,2009,6,3965.53366651171
784,1459,125,2299,7,2010,6,3967.31833512851
785,1461,125,2036,3,2012,6,3969.10380692649
786,1468,126,91851,109,2011,6,3970.89008226714
787,1471,126,96879,26,2014,6,2778.0
788,1474,127,93818,227,2009,6,3897.0
789,1475,127,139198,200,2010,6,3972.6771615120897
790,1476,127,96577,118,2011,6,3974.46504502312
791,1477,127,58517,96,2012,6,3976.2537331621897
792,1478,127,43677,80,2013,6,3978.0432262914296
793,1481,128,708,2,2008,6,3979.83352477311
794,1483,128,947,4,2010,6,3981.6246289696796
795,1484,128,714,1,2011,6,3983.4165392437394
796,1487,128,145,0,2014,6,3985.20925595807
797,1489,129,39616,73,2008,6,4035.0
798,1499,130,15594,31,2010,6,3721.0
799,1502,130,11747,21,2013,6,3882.0
800,1503,130,23145,31,2014,6,3987.0027794756
801,1504,130,28593,0,2015,6,3988.79711015944
802,1505,131,375430,239,2008,6,3990.5922483728295
803,1506,131,380904,198,2009,6,3992.38819447921
804,1510,131,228858,67,2013,6,2992.0
805,1511,131,395035,89,2014,6,3994.18494884216
806,1515,132,3477,0,2010,6,3995.9825118254403
807,1517,132,1689,0,2012,6,66109.0
808,1519,132,1036,0,2014,6,19147.0
809,1520,132,633,0,2015,6,37368.0
810,1521,133,57482,54,2008,6,3997.78088379296
811,1522,133,32709,18,2009,6,3224.0
812,1523,133,50963,26,2010,6,6748.0
813,1524,133,54294,45,2011,6,2828.0
814,1525,133,45809,22,2012,6,47231.0
815,1526,133,33139,15,2013,6,5356.0
816,1528,133,11429,0,2015,6,3245.0
817,1529,134,38,0,2008,6,87734.0
818,1530,134,42,1,2009,6,40007.0
819,1531,134,49,0,2010,6,26669.0
820,1532,134,51,0,2011,6,138303.0
821,1533,134,77,0,2012,6,3999.5800651088
822,1534,134,39,0,2013,6,4001.3800561371995
823,1535,134,35,0,2014,6,4003.1808572425703
824,1536,134,27,0,2015,6,4004.9824687894798
825,1537,135,21046,2,2008,6,39291.0
826,1538,135,14988,1,2009,6,28797.0
827,1540,135,22171,0,2011,6,86822.0
828,1541,135,18869,0,2012,6,4006.7848911426704
829,1542,135,15081,0,2013,6,58168.0
830,1543,135,8729,0,2014,6,3394.0
831,1545,136,0,0,2008,6,2748.0
832,1555,137,23939,15,2010,6,3615.0
833,1558,137,7396,7,2013,6,3988.0
834,1559,137,51240,96,2014,6,4008.5881246670397
835,1560,137,32525,21,2015,6,4010.39216972765
836,1561,138,93383,0,2008,6,4012.1970266897206
837,1562,138,55437,0,2009,6,4014.00269591865
838,1566,138,48346,0,2013,6,2959.0
839,1567,138,41612,0,2014,6,4015.80917778
840,1571,139,1672,0,2010,6,4017.6164726394895
841,1573,139,1948,0,2012,6,5415.0
842,1577,141,89443,104,2008,6,4019.424580863
843,1580,141,66368,19,2011,6,4021.2335028165794
844,1581,141,55793,30,2012,6,4023.04323886646
845,1582,141,34717,17,2013,6,4024.8537893790003
846,1586,111,57088,7,2012,7,4026.6651547207503
847,1588,111,19537,3,2016,7,4938.0
848,1589,111,15840,7,2015,7,4028.47733525843
849,1590,111,48602,9,2011,7,4030.29033135891
850,1591,111,35804,4,2010,7,4032.1041433892206
851,1592,111,46643,4,2013,7,4033.9187717165796
852,1595,111,0,0,2007,7,4035.7342167083502
853,1596,111,43021,1,2008,7,5064.0
854,1597,111,0,0,2004,7,4037.55047873207
855,1601,112,20667,200,2016,7,4039.36755815544
856,1604,112,56547,0,2010,7,4041.18545534633
857,1605,112,145047,232,2013,7,4043.00417067277
858,1610,112,0,0,2004,7,4044.82370450296
859,1613,113,1558212,10,2012,7,4046.64405720525
860,1614,113,0,0,2009,7,4048.46522914819
861,1616,113,1223078,40,2015,7,4050.2872207004602
862,1617,113,87486,0,2011,7,4052.1100322309294
863,1618,113,0,0,2010,7,4053.9336641086206
864,1619,113,1758655,20,2013,7,4055.7581167027297
865,1620,113,1488744,53,2014,7,4057.5833903826097
866,1624,113,0,0,2004,7,5088.0
867,1625,114,0,0,2003,7,4059.4094855178005
868,1626,114,152454,37,2017,7,4061.23640247798
869,1630,114,127479,36,2015,7,3593.0
870,1640,115,490658,13,2017,7,3310.0
871,1643,115,452269,19,2016,7,4260.0
872,1644,115,376493,62,2015,7,4063.0641416330104
873,1645,115,155743,18,2011,7,4064.8927033529203
874,1646,115,107827,7,2010,7,4066.72208800789
875,1647,115,287771,30,2013,7,4068.55229596829
876,1652,115,96231,10,2004,7,4070.38332760464
877,1656,116,80307,3,2009,7,4072.2151832876293
878,1659,116,104447,0,2011,7,4074.0478633881203
879,1668,117,78854,30,2017,7,2821.0
880,1671,117,57638,4,2016,7,3915.0
881,1672,117,60998,0,2015,7,4075.8813682771297
882,1673,117,61029,6,2011,7,4077.71569832586
883,1674,117,71344,8,2010,7,4079.55085390567
884,1675,117,59590,0,2013,7,4081.3868353880703
885,1678,117,41198,0,2007,7,4083.2236431447704
886,1680,117,36352,0,2004,7,4085.0612775476293
887,1684,118,521084,2,2009,7,4086.89973896867
888,1687,118,604076,0,2011,7,4088.73902778008
889,1690,118,1249351,6,2014,7,4090.5791443542403
890,1694,118,909407,21,2004,7,4092.42008906367
891,1697,119,1212678,36,2012,7,2679.0
892,1700,119,1173106,36,2015,7,3841.0
893,1701,119,1275035,48,2011,7,4094.2618622810705
894,1702,119,1043021,65,2010,7,4096.10446437931
895,1703,119,1003454,35,2013,7,4097.94789573142
896,1704,119,1123370,18,2014,7,4099.79215671059
897,1707,119,1116883,178,2008,7,4101.63724769021
898,1709,120,1675856,183,2003,7,4103.48316904381
899,1710,120,1551213,182,2017,7,4105.329921145089
900,1713,120,1649023,166,2016,7,4107.177504367921
901,1715,120,1484149,154,2011,7,4498.0
902,1719,120,1545057,161,2006,7,4109.02591908636
903,1724,121,300628,4,2017,7,4110.87516567461
904,1727,121,275525,3,2016,7,4207.0
905,1728,121,225817,5,2015,7,4112.72524450705
906,1730,121,162290,1,2010,7,3433.0
907,1731,121,236452,0,2013,7,4114.576155958221
908,1732,121,222649,0,2014,7,4116.42790040284
909,1733,121,89217,0,2006,7,4118.28047821581
910,1734,121,101751,0,2007,7,4120.13388977216
911,1738,122,0,0,2004,7,4182.0
912,1739,123,2098274,712,2003,7,4121.98813544713
913,1742,123,2160932,197,2009,7,2748.0
914,1753,124,8721100,199,2003,7,3615.0
915,1756,124,6661458,180,2009,7,3988.0
916,1757,124,5600975,14,2016,7,4123.84321561609
917,1758,124,5879901,38,2015,7,4125.699130654621
918,1759,124,5034506,128,2011,7,4127.555880938449
919,1760,124,315383,0,2010,7,4129.41346684346
920,1764,124,7757200,174,2007,7,2959.0
921,1765,124,7090505,192,2008,7,4131.27188874573
922,1766,124,7221873,189,2004,7,4133.13114702149
923,1770,125,865777,263,2009,7,4134.99124204716
924,1772,125,42274,0,2015,7,4035.0
925,1783,126,690695,5,2012,7,3721.0
926,1786,126,1568270,18,2015,7,3882.0
927,1787,126,571947,28,2011,7,4136.85217419929
928,1788,126,796617,88,2010,7,4138.71394385465
929,1789,126,896949,1,2013,7,4140.57655139014
930,1790,126,1116552,1,2014,7,4142.43999718284
931,1794,126,355496,80,2004,7,2992.0
932,1795,127,15359,0,2003,7,4144.304281610021
933,1796,127,51205,23,2017,7,4146.16940504908
934,1800,127,37477,22,2015,7,4148.03536787764
935,1802,127,19172,15,2010,7,66109.0
936,1804,127,33470,24,2014,7,19147.0
937,1805,127,12602,1,2006,7,37368.0
938,1806,127,22646,13,2007,7,3224.0
939,1807,127,21705,6,2008,7,2828.0
940,1808,127,9796,1,2004,7,47231.0
941,1809,128,183368,19,2003,7,5356.0
942,1811,128,310278,4,2012,7,11360.0
943,1812,128,312102,5,2009,7,3245.0
944,1813,128,430119,2,2016,7,87734.0
945,1814,128,408938,7,2015,7,40007.0
946,1815,128,295146,5,2011,7,26669.0
947,1816,128,318124,0,2010,7,138303.0
948,1817,128,329019,2,2013,7,4149.90217047344
949,1818,128,342281,3,2014,7,4151.76981321443
950,1819,128,304097,25,2006,7,4153.6382964787
951,1820,128,219126,43,2007,7,4155.50762064454
952,1821,128,213692,7,2008,7,39291.0
953,1822,128,299847,23,2004,7,28797.0
954,1824,129,29595,36,2017,7,86822.0
955,1825,129,26789,40,2012,7,4157.37778609037
956,1826,129,41078,16,2009,7,4159.248793194821
957,1827,129,40346,52,2016,7,3394.0
958,1828,129,33169,59,2015,7,58168.0
959,1829,129,26817,33,2011,7,59264.0
960,1830,129,25665,18,2010,7,4161.12064233667
961,1831,129,33807,23,2013,7,6748.0
962,1832,129,28790,43,2014,7,4370.0
963,1843,130,48566,0,2011,7,3727.0
964,1844,130,64220,0,2010,7,4162.9933338948795
965,1846,130,38068,0,2014,7,3157.0
966,1847,130,23131,0,2006,7,4164.86686824857
967,1848,130,23665,0,2007,7,4166.74124577703
968,1849,130,25231,0,2008,7,4168.61646685974
969,1850,130,12949,0,2004,7,4170.49253187633
970,1854,131,535351,29,2009,7,3476.0
971,1855,131,900460,15,2016,7,4172.36944120661
972,1856,131,895610,26,2015,7,4174.24719523055
973,1860,131,772188,2,2014,7,4176.12579432831
974,1862,131,528373,50,2007,7,4498.0
975,1869,132,3797814,63,2016,7,4178.0052388802205
976,1873,132,2515972,77,2013,7,4207.0
977,1874,132,3038583,108,2014,7,4179.8855292667495
978,1876,132,875471,73,2007,7,3433.0
979,1877,132,1257246,250,2008,7,4181.766665868579
980,1878,132,1118633,112,2004,7,4183.64864906654
981,1879,133,44965,4,2003,7,4185.53147924164
982,1880,133,93270,8,2017,7,4187.4151567750505
983,1884,133,104346,36,2015,7,4182.0
984,1885,133,92736,12,2011,7,4189.29968204813
985,1886,133,106815,9,2010,7,4191.18505544239
986,1890,133,68333,22,2007,7,4193.07127733953
987,1892,133,64530,2,2004,7,5737.0
988,1899,134,2410214,22,2011,7,4194.9583481214095
989,1903,134,686877,435,2006,7,4772.0
990,1904,134,431040,653,2007,7,4196.84626817007
991,1906,134,3237394,1202,2004,7,3682.0
992,1907,135,44556,95,2003,7,4198.73503786772
993,1908,135,768702,26,2017,7,4200.62465759673
994,1909,135,159949,131,2012,7,4202.51512773966
995,1910,135,247348,58,2009,7,4204.40644867924
996,1914,135,177411,188,2010,7,9218.0
997,1915,135,158988,131,2013,7,4206.29862079836
998,1916,135,152982,51,2014,7,4208.19164448008
999,1920,135,49408,68,2004,7,4210.08552010766
1000,1922,136,170115,7,2016,7,5415.0
1001,1927,137,170360,78,2009,7,4211.98024806451
1002,1928,137,2302147,822,2016,7,4213.8758287342
1003,1929,137,1811808,665,2015,7,4215.77226250051
1004,1934,137,130683,11,2006,7,4217.66954974736
1005,1936,137,130878,41,2008,7,4938.0
1006,1937,137,0,0,2004,7,4219.56769085886
1007,1938,138,1457445,940,2003,7,4221.46668621928
1008,1939,138,228397,78,2017,7,4223.36653621308
1009,1940,138,205681,94,2012,7,4225.267241224879
1010,1943,138,253292,77,2015,7,4227.16880163947
1011,1944,138,130283,56,2011,7,5064.0
1012,1945,138,132998,92,2010,7,4229.07121784183
1013,1946,138,185034,113,2013,7,4230.97449021709
1014,1950,138,2131081,826,2008,7,4232.87861915058
1015,1952,139,3431280,390,2017,7,4234.78360502779
1016,1955,139,3537353,635,2016,7,4236.6894482343705
1017,1959,139,2514606,753,2013,7,4238.59614915617
1018,1963,139,798447,137,2008,7,4240.50370817919
1019,1964,140,477573,21,2003,7,4242.412125689621
1020,1966,141,2710189,366,2003,7,4244.3214020738205
1021,1967,141,91880,4,2003,7,4246.23153771832
1022,1968,141,77320,5,2012,7,4248.142533009821
1023,1969,141,2918767,535,2009,7,4250.05438833521
1024,1970,141,49781,4,2009,7,4251.96710408154
1025,1974,141,58307,0,2013,7,5088.0
1026,1975,141,61716,0,2014,7,4253.88068063603
1027,1976,141,2465743,434,2006,7,4255.7951183860905
1028,1980,141,47600,5,2004,7,4257.7104177193
1029,1982,111,9457,53,2009,8,2748.0
1030,1993,112,1520,4,2012,8,3615.0
1031,1996,112,267,1,2015,8,3988.0
1032,1997,113,2175,0,2008,8,4259.6265790234
1033,1998,113,7770,0,2009,8,4261.54360268633
1034,1999,113,312,0,2010,8,4263.46148909618
1035,2000,113,2557,25,2011,8,4265.38023864122
1036,2004,113,917,7,2015,8,2959.0
1037,2005,114,0,0,2008,8,4267.29985170992
1038,2006,114,0,0,2009,8,4269.22032869089
1039,2010,114,6736,2,2013,8,4271.14166997293
1040,2012,114,25808,2,2015,8,4035.0
1041,2023,116,287,4,2010,8,3721.0
1042,2026,116,670,5,2013,8,3882.0
1043,2027,116,548,4,2014,8,4273.06387594501
1044,2028,116,532,6,2015,8,4274.98694699629
1045,2029,117,6342,62,2008,8,4276.9108835160905
1046,2030,117,7657,40,2009,8,4278.83568589391
1047,2034,117,8290,131,2013,8,2992.0
1048,2035,117,6965,98,2014,8,4280.76135451943
1049,2036,117,8362,76,2015,8,4282.68788978249
1050,2040,118,118,0,2011,8,4284.61529207312
1051,2042,118,173,0,2013,8,66109.0
1052,2044,118,156,0,2015,8,19147.0
1053,2045,119,2940,3,2008,8,37368.0
1054,2046,119,3068,99,2009,8,3224.0
1055,2047,119,3190,0,2010,8,2828.0
1056,2048,119,4328,0,2011,8,47231.0
1057,2049,119,4763,6,2012,8,5356.0
1058,2051,119,4808,7,2014,8,11360.0
1059,2052,119,3736,0,2015,8,3245.0
1060,2053,120,2395,5,2008,8,87734.0
1061,2054,120,2011,4,2009,8,40007.0
1062,2055,120,1583,4,2010,8,26669.0
1063,2056,120,2557,2,2011,8,138303.0
1064,2057,120,2686,1,2012,8,4286.54356178152
1065,2058,120,1307,1,2013,8,4288.4726992980795
1066,2059,120,1934,13,2014,8,4290.402705013329
1067,2060,120,5020,3,2015,8,4292.33357931802
1068,2061,121,1783,7,2008,8,39291.0
1069,2062,121,2979,5,2009,8,28797.0
1070,2064,121,1248,10,2011,8,86822.0
1071,2065,121,1310,17,2012,8,4294.26532260304
1072,2066,121,2023,14,2013,8,4296.19793525948
1073,2067,121,2808,9,2014,8,3394.0
1074,2068,121,1739,1,2015,8,58168.0
1075,2069,122,6000,0,2008,8,59264.0
1076,2070,122,6190,0,2009,8,4298.13141767859
1077,2071,122,3990,0,2010,8,6748.0
1078,2072,122,5129,2,2011,8,4370.0
1079,2083,123,1052,1,2014,8,3727.0
1080,2084,123,1230,1,2015,8,4300.0657702518
1081,2086,124,11029,19,2009,8,3157.0
1082,2087,124,8872,16,2010,8,4302.000993370721
1083,2088,124,6049,8,2011,8,4303.93708742714
1084,2089,124,10789,26,2012,8,4305.87405281302
1085,2090,124,5415,16,2013,8,4307.8118899205
1086,2094,125,7810,13,2009,8,3476.0
1087,2095,125,5353,6,2010,8,4309.750599141889
1088,2096,125,5336,7,2011,8,4311.690180869679
1089,2100,125,3894,3,2015,8,4313.63063549653
1090,2102,126,7381,17,2009,8,4498.0
1091,2109,127,7207,34,2008,8,4315.57196341529
1092,2113,127,6175,21,2012,8,4207.0
1093,2114,127,5851,13,2013,8,4317.51416501899
1094,2116,127,8386,9,2015,8,3433.0
1095,2117,128,495,0,2008,8,4319.45724070082
1096,2118,128,1764,0,2009,8,4321.40119085415
1097,2119,128,320,0,2010,8,4323.346015872539
1098,2120,128,229,0,2011,8,4325.29171614971
1099,2124,128,88,0,2015,8,4182.0
1100,2125,129,275,0,2008,8,4327.23829207957
1101,2126,129,205,2,2009,8,4329.1857440562
1102,2130,129,518,0,2013,8,4331.13407247387
1103,2132,129,253,0,2015,8,5737.0
1104,2139,130,194,0,2014,8,4333.08327772701
1105,2143,131,3328,62,2010,8,4772.0
1106,2144,131,3272,89,2011,8,4335.033360210229
1107,2146,131,3743,90,2013,8,3682.0
1108,2147,131,5069,39,2014,8,4336.98432031834
1109,2148,131,4309,21,2015,8,4338.9361584462895
1110,2149,132,6880,10,2008,8,4340.88887498925
1111,2150,132,5750,7,2009,8,4342.84247034253
1112,2154,132,3099,6,2013,8,9218.0
1113,2155,132,4525,4,2014,8,4344.79694490164
1114,2156,132,9330,8,2015,8,4346.75229906226
1115,2160,133,967,0,2011,8,4348.7085332202505
1116,2162,133,2384,10,2013,8,5415.0
1117,2167,134,1180,2,2010,8,4350.665647771661
1118,2168,134,484,0,2011,8,4352.62364311269
1119,2169,134,667,6,2012,8,4354.58251963974
1120,2174,135,3978,1,2009,8,4356.5422777493895
1121,2176,135,5940,0,2011,8,4938.0
1122,2177,135,10628,0,2012,8,4358.50291783839
1123,2178,135,1868,0,2013,8,4360.46444030366
1124,2179,135,880,0,2014,8,4362.426845542321
1125,2180,135,1066,1,2015,8,4364.390133951661
1126,2183,136,0,0,2010,8,4366.35430592913
1127,2184,136,0,0,2011,8,5064.0
1128,2185,136,0,0,2012,8,4368.3193618724
1129,2186,136,0,0,2013,8,4370.28530217927
1130,2190,137,987,3,2009,8,4372.25212724776
1131,2192,137,404,0,2011,8,4374.21983747604
1132,2195,137,177,1,2014,8,4376.1884332624795
1133,2199,138,2203,9,2010,8,4378.15791500563
1134,2203,138,16037,50,2014,8,4380.12828310419
1135,2204,138,11088,62,2015,8,4382.09953795707
1136,2206,139,20132,17,2009,8,4384.07167996335
1137,2207,139,6645,12,2010,8,4386.04470952229
1138,2208,139,3143,19,2011,8,4388.01862703333
1139,2209,139,6499,16,2012,8,4389.99343289608
1140,2210,139,8619,11,2013,8,4391.96912751034
1141,2214,141,4525,121,2009,8,5088.0
1142,2215,141,4779,68,2010,8,4393.9457112761
1143,2216,141,5480,105,2011,8,4395.92318459351
1144,2220,141,3865,81,2015,8,4397.9015478629
